<?xml version="1.0" encoding="UTF-8"?>
<project-private xmlns="http://www.netbeans.org/ns/project-private/1">
    <editor-bookmarks xmlns="http://www.netbeans.org/ns/editor-bookmarks/2" lastBookmarkId="0"/>
    <open-files xmlns="http://www.netbeans.org/ns/projectui-open-files/2">
        <group>
            <file>file:/C:/Users/ASUS/Desktop/npk%20project/npkanalysis/src/welcome.java</file>
            <file>file:/C:/Users/ASUS/Desktop/npk%20project/npkanalysis/src/moisture.java</file>
            <file>file:/C:/Users/ASUS/Desktop/npk%20project/npkanalysis/src/main.java</file>
            <file>file:/C:/Users/ASUS/Desktop/npk%20project/npkanalysis/src/npkvalues.java</file>
            <file>file:/C:/Users/ASUS/Desktop/npk%20project/npkanalysis/src/humidity.java</file>
        </group>
    </open-files>
</project-private>
